{
    "loss": 14.777493476867676,
    "accuracy": 0.5467625856399536
}