{
    "loss": 16.925525665283203,
    "accuracy": 0.5467625856399536
}